Collision,0.0
Untrained Collision,0.0
Reward,-11119.1904762
Time,18.1026026571
WrongPath,0.101449275362
Cars,69.0
